"delta1","delta2","Psi11","Psi12","Psi21","Psi22","Theta1","Theta2","Participant","SSE","AIC","BIC","sigma2_est"
0.114203421347427,0.34938871420655,0.0485578056137409,0.00697508163612163,-0.0678604504086594,-0.0158518968306048,0.183182113808053,0.249084015962972,"1",8.8333143014865,-410.493235123131,-377.230549393822,0.0626476191594787
0.373688357242128,0.51752824313837,0.101950352742997,0.0069665714603741,-0.101949744286295,-0.00707984173170838,0.120162890165906,0.147500109411238,"2",5.28789738989928,-488.48589306801,-455.223207338701,0.03750281836808
0.308848868849019,0.19669752043293,0.116375311458753,0.000603483616557708,-0.061623241109146,-0.00705479663251587,0.241754137798072,0.354013851855628,"3",8.54173800753413,-415.595235038349,-382.33254930904,0.0605797021810931
0.364225192270195,0.501120001378632,0.12463984084911,0.00715215741276351,-0.114984022649262,-0.01140781693796,0.0405243100299802,-0.0276974790516524,"4",13.3631556685146,-347.569635040211,-314.306949310902,0.0947741536774083
0.0707244329435374,0.57581476548475,0.0510591207495902,0.00726807469087953,-0.0247548248725473,-0.0365867087738311,0.759826951145366,0.00886620653018572,"5",8.68167369556602,-413.125260681182,-379.862574951873,0.0615721538692626
0.246940628744084,0.538315786585368,0.0915504159797784,0.00880945235810889,-0.105217673203573,-0.0097985455796664,0.19646117754577,0.181062776170418,"6",13.5511330860886,-345.44637387293,-312.183688143621,0.0961073268516924
0.105258360096971,0.500816690909216,0.0649720256628101,0.00835759092024,-0.0533578120145048,-0.00936419512603084,0.674418546893236,0.330210403242612,"7",22.4268914371218,-268.870205258288,-235.607519528979,0.159055967639162
0.0861369655758491,0.865938678100022,0.022389350162245,0.0105805145025204,-0.0114139755848796,-0.00826407296059351,0.739365460509416,-0.0432457123930464,"8",14.6771996172996,-333.31296219848,-300.050276469171,0.104093614307089
0.355074682858727,0.117350770677014,0.111482846939445,0.0046336113111051,0.00166076370377078,-0.00399767897488109,0.1523756962979,0.572471465312827,"9",9.83097765937123,-394.228004509611,-360.965318780302,0.0697232458111435
0.338359160536631,0.358702209459473,0.118728949424407,0.00502999808272524,-0.107290451145584,0.0010546020302084,0.239351019795867,0.278595229975426,"10",13.2364493588948,-349.017739605161,-315.755053875852,0.0938755273680485
0.306718190972823,0.2251947861226,0.0806274975381795,-0.000129965745946028,-0.0613011675055839,-0.00365974076872161,0.460983065922848,0.569286809001177,"11",13.6067070463684,-344.824288043407,-311.561602314098,0.0965014684139604
0.0782535921685848,0.405280352860683,0.0373128596666779,0.00820261496137173,-0.0196943767783445,-0.024199696882501,0.614104679387807,0.0891072294435146,"12",18.0285001512971,-302.052854353053,-268.790168623744,0.127861703200689
0.309124755538024,0.264521971247348,0.101472497098241,0.00960563779884659,-0.101938328089864,-0.00618215729909675,0.0881136406190161,0.243919036689604,"13",10.8677897648321,-378.987730431329,-345.72504470202,0.0770765231548376
0.198506002628005,0.416696958089215,0.0578666256105605,0.0184653395763544,-0.0763577485199593,-0.00770683438639097,0.16058031476623,0.376727182450965,"14",16.8102714071923,-312.687345052433,-279.424659323124,0.119221783029733
0.122481444028125,0.31983438136454,0.0611434509892542,0.00497926766076055,-0.0540382984314915,-0.00991745593514294,0.627631925951519,0.541871489978403,"15",12.6089842398374,-356.399580762598,-323.136895033289,0.089425420140691
0.172883164416918,0.980784028341204,0.0453373853084354,0.0116814694269418,-0.00148706549330151,-0.0387457446392696,0.556342851095598,-0.291892007457489,"16",8.54896876333111,-415.466618362461,-382.203932633152,0.0606309841371001
0.345015179372052,0.661029736189009,0.112236950430002,0.0181205165908965,-0.110206896451322,-0.0181531336341924,0.00662854256425231,0.012742176587758,"17",9.77009198819053,-395.172305198419,-361.90961946911,0.0692914325403584
0.345356637638015,0.580227240331814,0.0920952704469511,0.0012662310442393,-0.0125874792632473,-0.00788707578226549,0.34639164655564,0.157550380957536,"18",13.2942662338988,-348.355248698584,-315.092562969275,0.0942855761269421
0.0847953714748082,0.99776204086387,6.06385916131519e-05,0.00900264479636692,-0.00230755099863768,0.000946357744474855,-0.812861632121963,-0.0281723530155719,"19",4.28636605965823,-520.40306532077,-487.140379591461,0.0303997592883563
0.125185219336411,0.737972256205669,0.0495790919661954,0.0147203878744833,-0.0347020473311961,-0.0354779007089641,0.360749977309678,-0.0968766441681764,"20",13.6352360809426,-344.505924935438,-311.243239206129,0.0967038019925007
0.424260857787543,0.0964277460806644,0.150746704061777,0.00463076481444997,-0.0675571954794753,-0.00411494984333798,0.132950907419584,0.651769661453912,"21",16.6986453282974,-313.700044262536,-280.437358533227,0.118430108711329
0.053396658774151,0.287974549366014,0.0407635032782193,0.0036346223627485,-0.0372504268703487,-0.00429870701754598,0.687666926128929,0.644468652141632,"22",8.87401167029964,-409.794540022393,-376.531854293084,0.0629362529808485
0.316562584194781,0.298988934443299,0.0192638655303959,0.00072187320036857,-0.0178424459455662,-0.000793547257754662,0.348452075234613,0.390552324320699,"23",4.4193066539859,-515.760450806663,-482.497765077354,0.0313426003828788
0.449952376677549,0.15200816087178,0.00459814421847486,0.0416633513669692,-0.0487444303938305,-0.00563674331493685,-0.280065415630594,0.7464673988847,"24",5.41580532059154,-484.852957530277,-451.590271800968,0.038409966812706
0.246831492508554,0.413084961895386,0.110264422193794,0.00580425271069277,-0.140339129227629,-0.0030934698154105,0.0992080897846787,0.0500454138174837,"25",12.6382671483754,-356.046987601052,-322.784301871743,0.0896331003430878
0.155770757159104,0.285780595149845,0.0670387896323651,0.00986637897464965,-0.0522703190682493,-0.00682849463397535,0.506065891561456,0.590805658884835,"26",8.39425641452711,-418.242586974529,-384.97990124522,0.0595337334363625
0.249523154121627,0.410148191495799,0.111388279005673,0.00572468413014099,-0.142315926373722,-0.0071743819233687,0.15941244615827,0.113270362236293,"27",7.88356358599176,-427.783274096594,-394.520588367285,0.0559117984822111
0.466833654251013,0.392953980048098,0.118118613993063,0.00240506539621013,-0.123232276461493,-0.00120896146882317,0.0924484252970341,0.120973713706704,"28",6.95993844883581,-446.723903294763,-413.461217565454,0.0493612655945802
0.158750810486159,0.118712985238746,0.0573363124752715,0.0170109595920399,-0.0648868115255863,-0.00630305330773609,0.256551909031953,0.803579934344092,"29",19.0621923042825,-293.578388419588,-260.315702690279,0.135192853221862
0.305182904675281,0.325731038189532,0.113412665605115,0.00376054961861522,-0.105513610270258,-0.00117922031143773,0.152512510397201,0.0694779518716773,"30",14.5403598451173,-334.736749663019,-301.47406393371,0.103123119468917
0.373763584704051,0.500510075786119,0.119192728282095,0.0048406915813518,-0.123486759142531,-0.00728995239943603,0.0717921965329737,0.0788271083337649,"31",4.57694129213752,-510.433137067348,-477.170451338039,0.0324605765399824
0.248704810108656,0.776061010457433,0.0275408367860622,0.02396391346427,0.00742863235435493,-0.0328791247851113,0.0296193769638074,-0.159734734631179,"32",18.699949473291,-296.49467424077,-263.231988511461,0.132623755129724
0.33378259185315,0.173663481626669,-0.0158783114317178,0.0514518653970947,-0.0435973116648999,-0.0077029272424354,-0.333990121830391,0.708710673691295,"33",8.88198533744978,-409.65802304869,-376.39533731938,0.0629928038117006
0.188705404503986,0.332251557820144,0.092851861932518,0.00536773396314171,-0.099149049025196,-0.0107336209624475,0.217962217876067,0.118598765248018,"34",8.47893766099493,-416.716893916863,-383.454208187554,0.0601343096524463
0.36996388686692,0.329228516282565,0.12354340430345,0.00760334135426317,-0.0956030210341768,-0.00722365145003628,0.202066140650622,0.355642914341722,"35",9.90801547729534,-393.041539962167,-359.778854232858,0.0702696133141514
0.749075108345623,0.22887234364978,0.0258356597645068,0.0201293236158777,-0.0486175168791075,-0.000557621489993331,-0.411128479521267,0.577862031728463,"36",29.0589465843061,-229.492225182223,-196.229539452914,0.206091819746851
0.190027452500523,0.636529024069354,0.0338756683930438,0.00753882416918865,-0.0977193512792715,-0.0122106692341515,0.0192193104174837,0.0237782817520169,"37",11.1263448004064,-375.41385251294,-342.151166783631,0.0789102468113928
0.272071916937364,0.77113388606668,0.050011478453312,0.00347362713938382,-0.00894021027542177,-0.00668366742848179,0.365292285220443,-0.119312579807799,"38",5.50767031528861,-482.296297202273,-449.033611472964,0.0390614915977916
0.223499717416861,0.104363947155993,0.0229573889739373,0.0259897720456893,-0.0566758104538446,-0.000369369930531923,0.056660364785959,0.852111875344232,"39",17.3918544569128,-307.517540952073,-274.254855222764,0.12334648551002
0.323618883367877,0.350384195405439,0.0676561925555218,0.00784692533230879,-0.0314706311363325,0.00184506469431357,0.290594397174394,0.328057559725282,"40",34.6349513052905,-202.810613687432,-169.547927958123,0.245637952519791
0.366906377355852,0.409509267290254,0.123174098289988,0.00329985584408224,-0.108228982130866,-0.004571102599427,0.259325357538168,0.210712786148379,"41",21.8289865277646,-272.977550107904,-239.714864378594,0.154815507289111
0.221194347084918,0.299785479786119,0.0684538539636437,0.0166106933725699,-0.0728773340543385,-0.00942888520882753,0.267714168263186,0.532355447080067,"42",4.61098575291048,-509.306706329541,-476.044020600232,0.0327020266163864
0.226374118126179,0.34983804737321,0.074230875099299,0.00695478617850183,-0.107689348217378,-0.00259091088533939,0.0868998086992506,0.116187671715712,"43",9.9341417150839,-392.641261867369,-359.37857613806,0.0704549057807369
0.219844410576849,0.155461698713428,0.096893772499203,0.00649331416853874,-0.0302632410855356,-0.0033811969004657,0.322669506104295,0.588495586813851,"44",10.6419314540052,-382.179935917779,-348.91725018847,0.0754746911631572
0.276259524768204,0.378892671188623,0.124990314809275,0.00685363514792909,-0.142743911611633,-0.00430153623118,0.186122864024588,0.148496747336309,"45",14.0306761996979,-340.16043354142,-306.897747812111,0.0995083418418289
0.132756759109905,0.173784092379407,0.0415645609369751,0.0147841395602304,-0.0493590964448396,-0.00664528770825688,0.433904742012899,0.712733879275728,"46",9.8443959639323,-394.020681116568,-360.757995387259,0.0698184110917185
0.186167835026014,0.28386647317184,0.0567578159145651,0.0079688249992016,-0.0601998331717523,-0.00835892225006939,0.518041087059671,0.543002803790276,"47",5.86706108205434,-472.688055334841,-439.425369605532,0.0416103622840733
0.449750309254337,0.400568448017608,0.117002750769209,0.00165899013300973,-0.098378321840291,-0.00294691566249597,0.119769414312644,0.274334050782132,"48",6.93949203029152,-447.171095410313,-413.908409681004,0.0492162555339824
0.127007134186746,0.410903671993657,0.0544995855337517,0.0171703394901285,-0.0603665924248621,-0.015357686194308,0.385277487533242,0.37428209463714,"49",10.6358775211669,-382.266429580479,-349.00374385117,0.0754317554692685
0.278782103697421,0.467956050313387,0.0698510061816553,0.018107618577303,-0.0654463752435138,-0.0149175429350691,0.175052531246387,0.275869511104483,"50",5.17196187980013,-491.855521429734,-458.592835700425,0.0366805807078023
0.15203466564698,0.268054614637107,0.076186831214916,0.0110294190954824,-0.063323620527667,-0.0060990016268481,0.466624286434715,0.601193429189894,"51",6.66103946904484,-453.395955750001,-420.133270020692,0.0472414146740769
0.32120534668938,0.31792978413783,0.102185451594006,0.000906327986596817,-0.0986032723318174,0.000342386986734216,0.145671315881562,0.136826184564772,"52",9.37215215055284,-401.492940393261,-368.230254663952,0.066469164188318
0.210940957311202,0.731282822688108,0.00233671765929771,0.00897984170689281,0.00135654018146213,-0.0144815417640443,0.269780041964861,-0.366723819446692,"53",6.7738810400521,-450.842561834851,-417.579876105542,0.0480417095039156
0.110137627740946,0.337493831760202,0.0543352797846486,0.00977612329671359,-0.0559097303868089,-0.0111219340043341,0.552344039109872,0.564827425909767,"54",7.08694391066597,-443.975199947918,-410.712514218609,0.0502620135508225
0.285549272905248,0.428808026584545,0.117818577474153,0.00431220977795978,-0.146198400158678,-0.00331546924716296,0.129562175198647,0.086021867860277,"55",10.164064244719,-389.163364458854,-355.900678729545,0.072085562019284
0.157424173478577,0.139407782264034,0.0801268579306304,0.0089991415674454,-0.0737425475109647,-0.00328080224425055,0.504988621837836,0.731475209066927,"56",13.9373893964896,-341.174421914966,-307.911736185657,0.0988467333084371
0.0383682947533807,0.840078898974846,0.034304237208081,0.00866823685048144,0.00751717247915658,-0.054083676756245,0.520382639081027,-0.260741083795999,"57",12.0637850840587,-363.118223707229,-329.85553797792,0.0855587594614094
0.21554473149733,0.92431678667344,0.0222866482152954,0.0241984686284555,0.0135457452863641,-0.050020194087566,0.403809887130376,-0.318982550555413,"58",6.88671185930468,-448.331591092896,-415.068905363587,0.048841928080175
0.163897810754773,0.427189319783787,0.0581805418466665,0.00955248851049224,-0.0596218764203275,-0.0117928096250244,0.484566250692563,0.369743384000525,"59",7.18892962332012,-441.803411018901,-408.540725289592,0.0509853164774477
0.404780958506073,0.546094593679319,0.111480532156511,0.00553695604648875,-0.106945356995208,-0.00841828959715315,0.0707887085795,0.10479707544695,"60",9.90832889252451,-393.036731899293,-359.774046169983,0.0702718361171951
0.156547524717054,0.40401375372269,0.0751461878583687,0.00502059637025021,-0.079369305298124,-0.0108558991978974,0.201682280002983,0.0468469202405419,"61",12.6472361356593,-355.939156160324,-322.676470431014,0.0896967101819809
0.291487098342521,0.411099205647172,0.00927264596147262,0.0435675078015611,-0.0341920868678481,-0.0211393325875014,-0.0296642539321838,0.426902238333661,"62",8.03965074531443,-424.803221491939,-391.54053576263,0.0570187996121591
0.067113496863917,0.39737739158614,0.0674320177629481,0.0053371317034678,-0.0502832589353453,-0.00976857264320695,0.777817438307754,0.533404607013516,"63",19.2097137529457,-292.406595657734,-259.143909928424,0.136239104630821
0.15321682286684,0.0756524905633877,0.0132116398982303,0.0266416705996219,-0.0132921728836363,0.00193955527086864,-0.187641818794672,0.903809944247184,"64",20.3398132608038,-283.717647295222,-250.454961565913,0.144253994757474
0.373277027955413,0.477730280821212,0.10011348644947,0.00121801160157857,-0.102497064210612,-0.00677248756863045,0.0835162679688124,0.102918548615251,"65",12.4501815766123,-358.326087663409,-325.0634019341,0.088299160117818
0.104784875431116,0.907008600852946,0.0344873725722044,0.00823821221486845,0.0185815228602276,-0.0426849584474437,0.610196793359637,-0.210546616033403,"66",7.33971612449347,-438.648213823942,-405.385528094633,0.0520547242871878
0.425254625914361,0.488977010168299,0.104316769489415,0.00650324009617461,-0.118197706820554,-0.00473687545222588,0.0474555939854538,0.0073453144117462,"67",12.2900790133022,-360.293401568894,-327.030715839585,0.0871636809454056
0.569040268071724,0.546404710395704,0.118983066079163,0.00604828578665404,-0.114139332906555,0.000753942747302662,-0.0706417226598825,0.110122125135207,"68",34.7970702927662,-202.100793339086,-168.838107609777,0.24678773257281
0.122110100352919,0.612258876898426,0.05155102794169,0.00501838026853622,-0.0256741910870727,-0.0247595307770151,0.531973936014557,0.0452309654996552,"69",6.22096700958252,-463.785184076878,-430.522498347569,0.0441203334012944
0.121012033043836,0.852244700325934,0.0456483307781249,0.00600787628998614,-0.00430702574190858,-0.0294389567840587,0.681001461112674,-0.181529826894095,"70",6.08345855766723,-467.182686021112,-433.920000291803,0.0431450961536683
0.14059279878936,0.305792042480803,0.0652923687816782,0.00562895389473614,-0.113897966727621,-0.00947460940671134,0.211447769926505,0.1832200965887,"71",10.7624679976098,-380.467974940082,-347.205289210773,0.0763295602667365
0.186983267732345,0.409417343129625,0.0363035002496802,0.00592730872597206,-0.0347878557582873,-0.012698282336431,0.567935251798567,0.370781692929237,"72",5.91141297599482,-471.543336637229,-438.28065090792,0.0419249147233675
0.119830678625519,0.723662408832811,0.0514732593045679,0.004725160282817,-0.020002805584288,-0.0364442082199975,0.749864584432294,-0.0816448993115463,"73",8.87228830245489,-409.824061884824,-376.561376155515,0.0629240305138645
0.183362089853286,0.660704131104152,0.0324483167789501,0.0144687422215899,-0.00392449973191697,-0.01807860356302,0.486679481175921,-0.0839897314162286,"74",4.41126905217627,-516.037152089366,-482.774466360057,0.0312855961147253
0.276785755785274,0.359063978684614,0.0855641730084839,0.0103100654380965,-0.118801691469254,-0.00837806938748742,0.286911304059807,0.177532662858063,"75",19.3499926846071,-291.30064887291,-258.037963143601,0.137233990670972
0.169438226387849,0.660094785453943,0.0298128630901312,0.00930456312717295,-0.0122858581676952,-0.00601017088114693,0.269127147173629,0.220361072846829,"76",12.2300294600239,-361.037896672244,-327.775210942935,0.0867377975888223
0.395374251452495,0.35820881398439,0.0961814511873118,0.000605689489760594,-0.0499214090295301,-0.00204126223522877,0.0519141607868334,0.0151794483663536,"77",10.1609162805499,-389.210448445669,-355.94776271636,0.072063236032269
0.132859394622364,0.299197997568629,0.0463097898680712,0.00797464942423335,-0.0305755181800741,-0.00166507767985384,0.324345856512199,0.62127363240341,"78",6.67631349942904,-453.047812660613,-419.785126931304,0.0473497411307024
0.126034502342075,0.428355375609775,0.0674198619345226,0.00647344102131467,-0.0516544452187641,-0.0144834750298996,0.616841907608514,0.36045453732959,"79",16.7094004391937,-313.602177004805,-280.339491275496,0.118506386093572
0.158181557365078,0.840860923907639,-0.00124504434820339,0.000189267323089091,-0.000330285231131021,0.000113523517951059,0.685270047257201,-0.696594839809222,"80",0.303868894531449,-922.685997833912,-889.423312104603,0.00215509854277623
0.357370625831625,0.3954904707507,0.0764675099083116,0.0108287125795685,-0.0697622742615066,-0.00707373143286992,0.124977575995499,0.361111485588251,"81",7.42771496727348,-436.836662126757,-403.573976397448,0.052678829555131
0.12384290744905,0.249390023551992,0.0344238750809223,0.0018486664842009,-0.034060516173924,-0.0103955250051441,0.55915138819677,0.52574933863048,"82",9.96588763998028,-392.15629929857,-358.893613569261,0.0706800541842573
0.33053912150756,0.101424951810006,0.000582563599979732,0.0422580506585631,-0.0381158985057287,-0.00237543174151097,-0.283108441972508,0.860971389190738,"83",6.61246646688329,-454.508416816514,-421.245731087205,0.0468969252970446
0.139415995699121,0.411773995927703,0.0484395399559008,0.0101485160168482,-0.0441809315172254,-0.0127372309893757,0.509706595136286,0.465053209204154,"84",6.37566231555825,-460.051666469373,-426.788980740064,0.0452174632309096
0.409172319741804,0.508746942986093,0.10137003536395,0.00592504433087076,-0.099504944028337,-0.00581082106399889,0.145330437471107,0.0998560709005918,"85",11.5304873214015,-369.990660135228,-336.727974405919,0.0817765058255428
0.149412767589375,0.461598133425684,0.0453141362775649,0.00401244303043059,-0.0587895955966545,-0.0155643561955781,0.589409888564755,0.333242465971746,"86",5.6184903589229,-479.268261889979,-446.00557616067,0.0398474493540631
0.15732226719061,0.69173156004075,0.0248691039365236,0.0111359849649779,-0.0225510416794327,-0.0117997189386466,0.0736550471041049,0.171386362786892,"87",4.31809738229724,-519.281976728011,-486.019290998702,0.0306248041297676
0.373607946036772,0.475288330655702,0.103691207849521,0.00697273860259224,-0.0869494672682997,-0.00950693841944537,0.135626383631832,0.235030771630636,"88",3.83980454846645,-537.125776265592,-503.863090536283,0.0272326563721024
0.570984163453861,0.0131626091712382,0.00809359159715058,0.00349009542963914,-0.00790884910415858,0.000536269111272527,-0.0165795208445636,0.960303748043049,"89",9.86772595607147,-393.660886217235,-360.398200487926,0.0699838720288757
0.395343197189991,0.560736191572885,0.102198120399943,0.00575671209419007,-0.0948141017581852,-0.0114447921798352,0.113256195122752,0.1332245213974,"90",7.87599258103382,-427.929317910258,-394.666632180949,0.0558581034115874
0.0888436205187031,0.169274882445502,-6.85045654011177e-05,0.000449861349843759,0.00253439146562286,-0.0086788269468562,-0.883346806273115,-0.526266926775621,"91",0.170776631008085,-1010.27446099184,-977.011775262529,0.00121118178019919
0.140703747055379,0.224614523935013,0.0640949751665383,0.0114095672281884,-0.0744373996565906,-0.00722356292837714,0.276854770605773,0.645174823806339,"92",17.3992173510969,-307.453204909834,-274.190519180525,0.123398704617708
0.41098651773501,0.209511197607469,-0.00762958437383946,0.025031258549102,-0.0210674491139263,-0.00477250828583783,-0.698565026869058,0.586508548532775,"93",11.587402911117,-369.242219249929,-335.97953352062,0.0821801624901918
0.398801266261242,0.252964211454897,0.0813990042658396,0.00120968169349995,-0.0522499110914178,-0.00195785375762624,0.0741896904413908,0.461096043289712,"94",17.3456862729251,-307.921574625766,-274.658888896457,0.123019051581029
0.218121001269157,0.281740636502737,0.0492890583248208,0.00887256525548096,-0.0352897866041904,-0.00981903274303081,0.563326924003908,0.569602311786611,"95",4.55611964358373,-511.126200671255,-477.863514941945,0.0323129052736435
0.306966104386719,0.664408306822165,0.0746394473609999,0.0105441665426106,-0.0572004144612831,-0.0123188857270494,0.0118479354582214,0.0187476671326656,"96",18.2464066782881,-300.226677890747,-266.963992161438,0.129407139562327
0.25559416092105,0.419576671672053,0.0911536691035583,0.0115534598372283,-0.0833504747919665,-0.00302651276252831,0.102175986471202,0.119084062002018,"97",23.7348862338776,-260.25405342921,-226.991367699901,0.168332526481401
0.0412354545855098,0.975944643935725,0.048896513355729,0.0024396992739603,0.0196202537501027,-0.063316371412766,0.894896175145999,-0.431727802475034,"98",14.9106770696885,-330.914053364133,-297.651367634824,0.105749482763748
0.315613221084409,0.204484680831501,0.0942062482618277,0.00448422883223388,-0.0612953739833198,-0.00129617786503934,0.23209796666009,0.437104123311182,"99",6.45452986696723,-458.18294640064,-424.920260671331,0.0457768075671435
0.143843825852769,0.415789449203061,0.0516332861262677,0.0127692731124287,-0.0534391365309792,-0.0131311694920391,0.515165656686362,0.386441314460816,"100",13.8047937575769,-342.627421520424,-309.364735791115,0.0979063387062192
0.577972463408193,0.0251810256076888,-0.0026542997796205,0.0520236481675883,-0.0172604121761249,0.00424640433023716,-0.572736937100485,0.9176558398406,"101",22.3539401584544,-269.365444125975,-236.102758396666,0.158538582684074
0.534939338010181,0.401338169742228,-0.00294715912502732,0.00602790933864796,0.000836178500906714,-0.00446780774031617,0.0804162455469342,-0.265792714025227,"102",1.62579812196524,-667.758014396567,-634.495328667257,0.0115304831345052
0.205379119088776,0.107990053903351,0.0521438843048278,0.00536090862827413,-0.0483470812974394,-0.000937473186234841,0.318130350929261,0.746688413078866,"103",5.94311103777017,-470.730462688478,-437.467776959169,0.0421497236721289
0.278754561281194,0.149256323887719,0.0182465337802642,0.0340940564147829,-0.0468785098048465,-0.00714238158617471,-0.0121095192642674,0.756849176501718,"104",15.691942642598,-323.151438451294,-289.888752721985,0.111290373351759
0.462855175132879,0.500676247862218,0.11342691379896,0.00219576081961127,-0.102871964693642,-0.00414778010602697,0.0496947844577108,0.0201363483428487,"105",5.03204497901194,-496.024217559692,-462.761531830383,0.035688262262496
0.0928459714494757,0.271991887736009,0.0435182661239727,0.0138687583427592,-0.0588421011581058,-0.00448019321850506,0.317414194436128,0.6455716755307,"106",10.1590376670491,-389.238553750797,-355.975868021488,0.0720499125322629
0.251153843259166,0.392017182279966,0.0623553699078215,0.0239072411483352,-0.0439818432532113,-0.0103991457369704,0.134391483595338,0.474218375170301,"107",16.6935279488853,-313.746632525615,-280.483946796306,0.118393815240322
0.167567420629811,0.987948216402023,-0.00814460745605688,0.011474672006474,0.019611175385824,-0.0380562270581297,-0.851247240246425,-0.780652276670815,"108",8.48327303176966,-416.639194566933,-383.376508837624,0.0601650569629054
0.322370394227641,0.236786421424399,0.0417901721312864,0.0334478375248225,-0.0610627210110302,-0.0100679245339858,0.0108859323115555,0.615030679844653,"109",15.6565130986226,-323.495014735984,-290.232329006675,0.111039099990231
0.359090773223049,0.389425829612146,0.132284376554585,0.00222275147049211,-0.145770390874586,-0.000544135558203671,0.261802743918308,0.250585024241379,"110",12.6357717024086,-356.077003206427,-322.814317477118,0.0896154021447416
0.445260157488689,0.417378060928095,0.119024784062612,-0.000278963508140585,-0.132183511590826,-0.000631371001984654,0.120799270574105,0.106702780549067,"111",10.1010445875984,-390.108735030512,-356.846049301202,0.0716386140964428
0.11565551840958,0.538337290707409,0.0665094372980006,0.00227306122664074,-0.0234453955107853,-0.0333013255776357,0.622866854446988,-0.0135525274638159,"112",19.7915577722524,-287.871007479659,-254.60832175035,0.140365657959237
0.34315330425149,0.0916924940495407,0.0577015222373606,0.0240177949564216,-0.0513779144463814,-0.00148837155812285,0.242539671660812,0.836813169258421,"113",20.6344255165899,-281.531794137355,-248.269108408046,0.14634344338007
0.146620234987566,0.456244690046288,0.0323814933533243,0.0075053108205036,-0.0240134950010523,-0.00959050368660511,0.540241636455964,0.263359559316049,"114",3.88286516262652,-535.43069375412,-502.168008024811,0.0275380507987697
0.484637709477402,0.497111445601223,0.0878629828989948,0.000439993003334214,-0.091020194974474,-0.00418196674442951,-0.0522657243098695,-0.0429637093311605,"115",11.4564208743271,-370.970186291622,-337.707500562313,0.0812512118746603
0.196070836861631,0.840632508269999,0.0250775231324314,0.0243882275991679,-0.0141363151827644,-0.0294807685933275,0.120045114484327,-0.0686273533350815,"116",6.8886707569925,-448.288361447833,-415.025675718524,0.048855820971578
0.37188283140742,0.427478166925848,0.0968178757166465,0.00507856833679627,-0.100556257270384,-0.00531095909120948,0.214727175719012,0.192909111438136,"117",12.1774279175737,-361.693060928595,-328.430375199286,0.0863647370040687
0.209919299898039,0.368337244001799,0.0349695305624767,0.00616829713765793,-0.0548852809306556,-0.0101799362340835,0.408391741449046,0.442108923366322,"118",7.18200785291996,-441.949832807169,-408.68714707786,0.0509362259072337
0.125373482316453,0.868758144336004,0.0503666696012497,0.0120833915474751,-0.0124086875876293,-0.017877220150467,0.369777258962792,-0.0546708059647664,"119",4.96458277843068,-498.075791432103,-464.813105702794,0.0352098069392246
0.283901697743124,0.283916894816536,0.0776637095997348,0.0140145077741095,-0.0544729308197345,-0.00651336534108476,0.202997060516514,0.561033911979721,"120",12.3971099475933,-358.97540590966,-325.712720180351,0.0879227655857684
0.254464274454224,0.0414340456503944,0.0581844498503072,0.0228177397312106,-0.0550260056864528,-0.000197563392284028,0.142964940627223,0.896621537425895,"121",12.7256395755793,-354.999778146246,-321.737092416937,0.090252762947371
0.0543670827419955,0.994437939310318,0.0526197960886996,0.00191437269010377,-0.00399518289521019,-0.0311517463234318,0.838358536109511,-0.20036779821143,"122",5.45778505575612,-483.679297087481,-450.416611358172,0.0387076954308945
0.266142418201387,0.464490353700955,0.0330408509311804,0.0209911172978926,-0.0338603925785935,-0.0184092579296822,0.241008605770074,0.271069472858056,"123",4.36340870981495,-517.695297124295,-484.432611394986,0.0309461610625174
0.216626409028914,0.509842589704497,0.106336948131237,0.00874017003312439,-0.0909816301617259,-0.0134866135317295,0.305974560596709,0.310046059427533,"124",10.0907712781594,-390.263405930827,-357.000720201517,0.0715657537458113
0.157765900861438,0.156546183969577,0.0517129261703481,0.0113685390960992,-0.0644286991939046,-0.00736124246054712,0.477900666878805,0.723767021911475,"125",20.3386371238238,-283.72643685428,-250.46375112497,0.144245653360452
0.241964896805203,0.467665936098278,0.109276238636578,0.00292631372882298,-0.113300254666685,-0.00945696924593395,0.157058599970872,0.243130252820301,"126",13.7137024548371,-343.633721318288,-310.371035588979,0.0972603010981353
0.368443062843648,0.418387064881421,0.109952299791173,0.00052571702862564,-0.104796823557683,-0.0011807222518334,0.198504110586832,0.167834295132415,"127",11.5951826151057,-369.140201720492,-335.877515991183,0.0822353376957851
0.452752556527403,0.445366937457608,0.146334845970023,0.00396555282568719,-0.065463676145584,-0.00471130726422734,0.120818316731721,0.411445170269893,"128",8.14542122490093,-422.816533783495,-389.553848054186,0.0577689448574534
0.155533859955376,0.447415026310789,0.0312613660026672,0.00635677844225143,-0.0391056462690995,-0.012177389997713,0.566660360056639,0.303784586951044,"129",3.17227872020206,-566.1534135067,-532.890727777391,0.0224984306397309
0.24639345846822,0.585777716585707,0.0306607675138915,0.0196881104460942,-0.0210514546730777,-0.0106467049999016,0.176814299965567,0.24552511613228,"130",13.1854913661831,-349.604042070699,-316.34135634139,0.0935141231644192
0.427455929953161,0.129421538269957,0.120804579030901,0.000795345383396499,-0.0122566985087377,-0.000915641287406334,0.112588597649533,0.0819031796756794,"131",3.64891619099325,-544.876450360633,-511.613764631324,0.0258788382339947
0.230207490189518,0.203693093466865,0.0808452676498038,0.0108148627912012,-0.062381529362323,-0.00856331386260215,0.202974244926519,0.6704824117383,"132",15.2998829085129,-326.997372518363,-293.734686789053,0.108509807861794
0.340551924506927,0.62377970699602,0.0535974883048853,0.0182657258143043,-0.0410536227006207,-0.0168473595129706,0.216383017289841,0.0209127749933745,"133",32.1319721183759,-214.212403478986,-180.949717749677,0.22788632708068
0.14117838541612,0.565138432011135,0.0403209897895701,0.0109355971297837,-0.0264234898356054,-0.0169656716365985,0.620697291229132,0.229983366844536,"134",6.75536474623167,-451.258620270396,-417.995934541087,0.0479103882711466
0.461361773625905,0.514963990502624,0.128744758023021,0.000190178183425512,-0.12602235965973,-0.00136423125368759,0.0251557368581769,0.0102395370962882,"135",3.30437831037022,-559.952089995781,-526.689404266472,0.0234353071657462
0.0561856933250241,0.932827625736851,0.0358945852381355,0.00540132918578626,-0.0133161308255905,-0.00619530028832741,0.400887333111267,-0.0276751384161437,"136",13.9932068824693,-340.566896813901,-307.304211084592,0.0992426020033285
0.438973853384334,0.460695851907326,0.12761379795189,0.00434264259794151,-0.124732112151124,-0.00455683475036365,0.0834796101520421,0.101806941310349,"137",4.34944308490296,-518.182571980931,-484.919886251622,0.030847114077326
0.259869066646475,0.41921305659313,0.097287890775927,0.00698373263625887,-0.0930873803692241,-0.00433047799216557,0.0745371633879434,0.0512743014691735,"138",11.0765727780845,-376.095326921752,-342.832641192443,0.0785572537452799
0.0904069871082629,0.0652757569297952,0.0652195022544001,0.00014281122292429,-0.0499253661313782,0.00107096971402955,0.790581912310656,0.849089955823931,"139",14.4438987866722,-335.748480561661,-302.485794832352,0.102438998487037
0.261193811143054,0.472109821415356,0.093274001230886,0.00604286460257792,-0.0915028209529822,-0.00751379236166313,0.336581267929539,0.26337878144366,"140",11.0255949616994,-376.796492700793,-343.533806971484,0.0781957089482224
0.119790080948495,0.143373372258711,0.0430227911266727,0.020573895704307,-0.0567158660537276,-0.00572844558223941,0.203592577212951,0.76448236747935,"141",15.9438115849002,-320.731082807106,-287.468397077797,0.113076677907094
0.182131970976955,0.508917908451134,0.0306408613687311,0.0248348000755885,-0.0564931081334755,-0.0258702849653966,0.328534960031862,0.238749017721336,"142",9.22886689677447,-403.834724927976,-370.572039198667,0.0654529567147125
0.491762952610557,0.453469707381831,0.0947335349811376,0.00246755687363135,-0.10852361064448,-0.00382819067495254,0.0134185345241701,0.0957397487808266,"143",7.72416583213245,-430.888056391854,-397.625370662545,0.0547813179583862
0.180037286077485,0.649828900301739,0.0494941419724761,0.0114624792681515,-0.0864636995366932,-0.0188193933070767,0.132103251796744,0.0568088170715375,"144",13.3772685267567,-347.409192211308,-314.146506481999,0.0948742448706148
0.103689919481834,0.365250348762747,0.0595517264159942,0.0023035916203798,-0.0336078951954443,-0.0158290550904676,0.80160114129159,0.433036450116674,"145",7.07027038553382,-444.333233235943,-411.070547506634,0.0501437615995306
0.427718935622695,0.405398947982288,0.00816059246580155,0.00248477127642151,-0.0054022822923387,0.00137336850737786,0.166734964798847,0.229986294321634,"146",6.96023070295387,-446.717520811121,-413.454835081812,0.0493633383188218
0.0542933157988851,0.0421984110943706,0.00862118226336066,2.55312555950258e-05,-0.0168205266757232,0.00114485631613367,0.261312085831111,0.472800527714626,"147",5.49710471706135,-482.588165308486,-449.325479579177,0.0389865582770308
0.383611337378252,0.395398743442824,0.102199786612441,0.00380315933518129,-0.115624347603692,-0.00474636553714611,0.308055786334792,0.156947727203952,"148",6.74516958860106,-451.488191073447,-418.225505344138,0.04783808218866
0.130842380076266,0.547519594207371,0.0694815942860735,0.0141889578143833,-0.0766669839992442,-0.0135950126304324,0.214403719864711,0.295777157782651,"149",8.21437055645285,-421.535299818076,-388.272614088767,0.0582579472088855
0.239364647187468,0.313539192712717,0.0585220667437355,0.016049157419183,-0.0568672114040085,-0.0136773794126159,0.370765928078111,0.474922530731244,"150",8.96886579268095,-408.178437187704,-374.915751458395,0.0636089772530564
0.338705583668215,0.18328581651757,0.00557384113069233,0.00137612314239235,0.000883771483560496,-0.0106140854760371,0.298347190214276,-0.313533204041263,"151",9.1938866381326,-404.411946535292,-371.149260805983,0.0652048697739901
0.0523981282297467,0.581312502867226,0.0479567513901835,0.00338081861431391,-0.029701170169583,-0.0165802222095831,0.805256638167524,0.133390882439478,"152",15.3156218533679,-326.841090931806,-293.578405202497,0.10862143158417
0.127925823986717,0.355760000424785,0.0444871039208454,0.0106416712799277,-0.0252317020429432,-0.0124472304149329,0.622472541393642,0.495219752013174,"153",6.13587733391916,-465.878572125458,-432.615886396149,0.0435168605242493
0.186926776598509,0.665391031380234,0.0363955914393213,0.00691746723174809,-0.0247378337794859,-0.0101243162748338,0.349888484998662,0.100464698676441,"154",11.5235022375896,-370.082768511454,-336.820082782145,0.0817269662240397
0.0715972666407081,0.294320321045057,0.0544918834466767,0.00641175947206643,-0.0537084124677304,-0.00780157787327679,0.563775154391542,0.592240932185883,"155",12.3871601068587,-359.09744911445,-325.834763385141,0.0878521993394231
0.0675754975345164,0.620412125081997,0.0110723340751919,-0.00106132316037232,0.004512949794679,-0.00814772374764561,0.821343608340688,-0.780012476558931,"156",2.84548433798022,-582.678378342373,-549.415692613064,0.0201807399856753
0.336070923013759,0.606143669947798,0.0275387994914056,0.0172354047203539,-0.0125756604391506,-0.0299510358722131,0.281696306311325,0.0309689696331064,"157",7.11115969151736,-443.456707850433,-410.194022121124,0.0504337566774281
0.20591203753818,0.139199501128872,0.00479711749647179,0.0188230311346706,0.00921653753404995,-0.00123483211195699,-0.430642085325737,0.794790147113918,"158",11.328469470668,-372.677354288001,-339.414668558692,0.0803437551111207
0.315516700799938,0.281768240076938,0.0632617583983544,0.00606578379370165,-0.0728854661921135,-0.0038721992633451,-0.0107416372718601,0.336804578494166,"159",12.2960450121782,-360.219633792728,-326.956948063419,0.0872059929941714
0.196884564684617,0.59792328403214,0.0769229572818414,0.0121501680384401,-0.0301666711140379,-0.0156185318388368,0.279050887410279,0.303049239770552,"160",9.53835235018877,-398.82108350874,-365.558397779431,0.067647889008431
0.276083028896167,0.432047907335401,0.0709174272957145,0.00460380230197574,-0.0619807405248934,-0.012302432847341,0.452030707460416,0.266212935673034,"161",10.3095752755432,-387.002727696298,-353.740041966989,0.0731175551456964
0.149880540101837,0.259002646910667,0.0568340266980335,0.00284590771930354,-0.0575170462860897,-0.00310395357140342,0.534695446671867,0.451294542327967,"162",8.35209784382368,-419.007901763126,-385.745216033817,0.059234736481019
0.0124710056936423,0.0466377240220997,-0.00118202993272761,-2.70584236966558e-05,-0.000728245775467788,-0.000356558794809557,-0.779141743566493,-0.757049490291385,"163",0.495485459888361,-848.366864203287,-815.104178473978,0.00351408127580398
0.17595367421571,0.381717838893807,0.0521981904035276,0.00405591626986034,-0.0595657327000021,-0.0150242555437283,0.39724748135284,0.361287829556627,"164",25.0827429631366,-251.858467262393,-218.595781533084,0.177891794064798
0.279359061128513,0.225402074510964,0.0752758477763275,0.0127275217064354,-0.0799303126346324,-0.000326846764151777,0.102839617648564,0.582645189887943,"165",10.7742712665749,-380.301366890433,-347.038681161124,0.076413271394148
0.403378087152251,0.45400023752432,0.136931094124724,0.00322006153038452,-0.146015452382291,-0.00170876263301569,0.00183886841850259,0.0468149577909286,"166",16.923055905873,-311.670943230051,-278.408257500742,0.120021673091298
0.535864441135747,0.306210689429891,0.0110298931279709,0.0086890686066417,-0.0218262673885599,-0.00405659781778733,-0.220512704373584,0.476324879986643,"167",4.65200242488963,-507.960580269748,-474.697894540439,0.0329929249992172
0.0244100060313385,0.518319280198754,0.0246637642947284,-0.000224933606514369,0.00428304547127566,-0.0263833812543767,0.865935145410891,-0.275021879889978,"168",12.0232011484959,-363.630430920153,-330.367745190844,0.0852709301311767
0.161242598837263,0.10166964076926,0.0596359878684452,0.0159389737654165,-0.0652956952063761,-0.00374163562590313,0.240102372205394,0.774414978128499,"169",15.2438675259923,-327.55489067298,-294.292204943671,0.108112535645336
0.293988573839156,0.244001827373766,0.0763968789752397,0.0152716795535646,-0.0344502919172235,-0.00593710509132212,0.0543647164239619,0.632347063331808,"170",24.0544417885381,-258.221249442509,-224.9585637132,0.170598877932894
0.326767377573212,0.486193842032977,0.104055321948534,0.00562666821041444,-0.114094086514065,-0.00756882086985199,0.196285865714987,0.174485486999937,"171",5.44567752677143,-484.016867863399,-450.75418213409,0.0386218264310031
0.189015977696297,0.364463652416158,0.0274276216535905,0.0283595504594364,-0.0230173292275679,-0.0317454051583039,0.387821889477367,0.24295104032532,"172",14.2911954809313,-337.364004823082,-304.101319093773,0.101355996318662
0.0609302682551318,0.932119405319581,0.0317396012836104,0.00906190745728908,0.00410840697346816,-0.01667190338129,0.598216736598686,-0.0305081703359136,"173",4.7954352537119,-503.344838721318,-470.082152992009,0.0340101791043397
0.419136068975549,0.32717799718725,0.0433747356822469,0.00606661725620338,-0.0272465448701688,-0.0023467906359727,0.211123626937624,0.232602013725715,"174",5.03460145802296,-495.947015122821,-462.684329393512,0.0357063933193118
0.381221690384475,0.453995688858216,0.0928659071975676,0.00139012073476465,-0.096233333116186,-0.00341748100841474,0.174176271609467,0.1848031819735,"175",11.1742585043583,-374.760695815101,-341.498010085792,0.0792500603145977
0.12163097401892,0.867805799466735,0.0688185768072007,0.00532018450344555,-0.0115783236086561,-0.0261947411171302,0.666381183109213,-0.106627939759413,"176",6.42521796296198,-458.874794899486,-425.612109170177,0.0455689217231346
0.400890141345527,0.574294309068006,0.153728447452536,0.00513845429613503,-0.12987687330878,-0.0168045272345882,0.063568908281887,0.0923819444941183,"177",14.5085725654496,-335.069406875318,-301.806721146009,0.102897677769146
0.195194450414627,0.162428030164295,0.0364627949097444,0.0148991352573432,-0.0238411839821764,-0.00237143850894888,0.457877338954563,0.670102349214175,"178",18.6332075628523,-297.038147228306,-263.775461498997,0.132150408247179
